Feature_1,Feature_2,Feature_3,Feature_4,Feature_5,Feature_6
-6.767937050935558,43.965646821215394,-46.19014871573689,2.0190450334839207,14.180704351322767,-69.74158323317666
-68.00599579422102,56.41766797679895,15.640183627737562,32.045333039916734,-73.73076107124412,72.30587691812333
16.56932492932377,-50.938886559787946,-66.86126470621751,69.21985401454911,71.7174727549164,47.29663077542725
-30.10562978841805,-61.87445852641444,28.35711778833511,-9.173813682433677,-58.34184085847235,-0.5582800131645684
-10.374018092197803,-32.242692233938605,17.28941751693518,-55.41901898247477,-31.92173866651591,-20.66041275206658
-19.286318966652416,69.41222624197704,35.69808414986269,15.229191446879174,-52.94323961894683,-53.083076047144004
51.12561071165176,-44.18216337094146,-48.994409945919706,-48.828496649185425,-30.05639284682492,3.7074398343785617
